provider,model,n,rouge_l,bertscore_f1,faithfulness_manual_or_auto_pct
gemini,gemini-2.5-flash,18,0.1813767946863181,0.9640862063496906,88.88888888888889
groq,llama-3.3-70b-versatile,18,0.1562640799776706,0.9566855712826224,94.44444444444444
