provider,type,n,rouge_l,bertscore_f1,faithfulness_manual_or_auto_pct
gemini,adversarial_absent,2,0.21674326170662028,0.9562867083828439,50.0
gemini,factual_community,6,0.15961513753669124,0.9555004314084515,83.33333333333334
gemini,opinion_summary,10,0.15817205634511483,0.9603005281040085,100.0
